id;subject;description;date;duration;notes
1;Industrial;Web Future Dong;2020-03-31T04:13:41;29642;Planner Fords well-modulated
2;Personal Loan Account;Communications Personal Loan Account Automotive;2020-03-31T17:44:39;93644;protocol
3;foreground Sri Lanka Rupee generate;Corporate encoding;2020-03-31T15:31:49;96678;multimedia payment
4;auxiliary Phased;Baby;2020-03-30T22:24:49;57384;middleware Generic Cotton Chair virtual
5;pixel bypassing;Customer Pula Infrastructure;2020-03-30T21:35:13;58964;Czech Republic Movies open-source
6;Credit Card Account;Sudanese Pound workforce Director;2020-03-31T01:58:02;21239;FTP e-enable
7;Hollow feed invoice;Fantastic Fresh Chair;2020-03-31T18:08:39;73330;Bedfordshire
8;SCSI Soft;deposit Jamaica Tasty Fresh Sausages;2020-03-31T05:55:32;51465;ivory
9;Rustic Corner;recontextualize invoice;2020-03-31T11:11:30;52668;Orchard enhance Wisconsin
10;Auto Loan Account Avon;withdrawal Money Market Account Inlet;2020-03-31T03:20:03;41643;Cambridgeshire generate
